{
    "accuracy": 0.9126450824679292,
    "precision": 0.7135135135135136,
    "recall": 0.5945945945945946
}
